id,dominio,zona,full_dominio,registered,data_readed,data_updated,expire,registrante_id,registrante_created,registrante_changed,first_dns
1280961,fincaelbacchante,com.ar,fincaelbacchante.com.ar,2022-07-13 13:00:23.680553-03,2025-11-20 22:06:40.232994-03,2025-11-20 22:06:40.267108-03,2026-07-13 00:00:00-03,190,2013-08-20 00:00:00-03,2025-11-24 20:21:19.064942-03,ns1.donweb.com
1155886,fantochenews,com.ar,fantochenews.com.ar,2021-03-17 08:19:02.328544-03,2025-11-02 16:40:51.893425-03,2025-11-02 16:40:51.930288-03,2026-03-17 00:00:00-03,63508,2013-11-07 00:00:00-03,2025-10-22 12:02:22.221565-03,ns1.technologyresources.com.ar
635148,rosettastone,com.ar,rosettastone.com.ar,2014-01-20 00:00:00-03,2025-11-20 08:04:52.624654-03,2025-11-20 08:04:52.662322-03,2026-02-19 00:00:00-03,4402,2013-09-12 00:00:00-03,2025-11-21 22:16:13.260101-03,dns4.p05.nsone.net
41,tequierocontar,com.ar,tequierocontar.com.ar,2024-12-05 19:37:50.199469-03,2025-10-14 11:30:17.781062-03,2025-10-14 11:30:17.837325-03,2025-12-05 00:00:00-03,354044,2024-12-05 19:37:49.827548-03,2024-12-05 19:38:39.920828-03,ns1.donweb.com
675076,vinilplata,com.ar,vinilplata.com.ar,2004-03-24 00:00:00-03,2025-11-16 00:03:52.552289-03,2025-11-16 00:03:52.613865-03,2026-04-10 00:00:00-03,75549,2014-04-09 00:00:00-03,2025-09-04 07:51:42.600144-03,ns1.huaweicloud-dns.net
740793,hosteriaamerica,com.ar,hosteriaamerica.com.ar,2017-05-12 19:51:45.288848-03,2025-11-17 11:29:55.869372-03,2025-11-17 11:29:55.913785-03,2026-05-12 00:00:00-03,102395,2017-05-12 19:51:45.105745-03,2025-04-27 17:31:25.478402-03,ns1.dns-parking.com
957120,eefimero,ar,eefimero.ar,2019-10-11 10:53:19.920378-03,2025-11-01 09:38:57.907713-03,2025-11-01 09:38:57.981817-03,2026-10-11 00:00:00-03,222679,2020-05-19 21:14:15.783912-03,2025-09-23 12:30:38.68201-03,ns1.dns-parking.com
707894,linceindumentaria,com.ar,linceindumentaria.com.ar,2000-05-12 00:00:00-03,2025-11-17 11:29:59.634867-03,2025-11-17 11:29:59.671408-03,2026-05-12 00:00:00-03,6236,2013-10-24 00:00:00-03,2025-11-07 09:37:55.31653-03,ns3.zoneedit.com
534150,avigra,com.ar,avigra.com.ar,2013-10-10 00:00:00-03,2025-11-23 06:47:55.19253-03,2025-11-23 06:47:55.232534-03,2026-11-09 00:00:00-03,4164,2013-09-27 00:00:00-03,2025-11-07 15:22:41.187877-03,dns1.iplanisp.com.ar
536693,craverosellos,com.ar,craverosellos.com.ar,2001-10-16 00:00:00-03,2025-11-23 13:01:13.899837-03,2025-11-05 05:49:09.432925-03,2025-11-15 00:00:00-03,5648,2014-10-17 00:00:00-03,2024-12-16 18:44:43.037479-03,ns21.dattatec.com
929579,lamercedes,com.ar,lamercedes.com.ar,2017-09-20 10:31:00.911516-03,2025-10-23 00:05:08.135359-03,2025-10-23 00:05:08.177311-03,2026-09-20 00:00:00-03,247639,2021-08-24 04:36:25.974402-03,2025-09-03 04:49:26.598276-03,ns1.donweb.com
587835,consultorioscapello,com.ar,consultorioscapello.com.ar,2024-02-01 18:17:55.642664-03,2025-11-08 15:34:53.590362-03,2025-11-08 15:34:53.648795-03,2026-02-01 00:00:00-03,190,2013-08-20 00:00:00-03,2025-11-24 20:21:19.064942-03,ns8968.banahosting.com
351283,infiltrado,com.ar,infiltrado.com.ar,2025-01-14 13:31:56.253932-03,2025-10-14 15:14:28.167822-03,2025-10-14 15:14:28.223494-03,2026-01-14 00:00:00-03,190,2013-08-20 00:00:00-03,2025-11-24 20:21:19.064942-03,miguel.ns.cloudflare.com
643444,mitreargentina,com.ar,mitreargentina.com.ar,2014-12-27 00:00:00-03,2025-11-18 17:58:13.374066-03,2025-11-18 17:58:13.403275-03,2026-02-27 00:00:00-03,59258,2019-02-22 16:21:14.704744-03,2025-04-09 11:48:24.634647-03,abeja.avnam.net
561124,iluminacionindustrial,com.ar,iluminacionindustrial.com.ar,2024-01-19 17:44:19.504729-03,2025-11-07 17:43:06.780337-03,2025-11-07 17:43:06.83189-03,2026-01-19 00:00:00-03,18915,2014-05-16 00:00:00-03,2025-01-13 20:00:16.868907-03,ns1.donweb.com
356712,mye,com.ar,mye.com.ar,2025-01-18 00:52:37.953543-03,2025-10-14 14:12:20.420436-03,2025-10-14 14:12:20.483432-03,2026-01-17 00:00:00-03,354081,2025-01-18 00:52:37.552057-03,2025-01-18 00:52:49.817304-03,ns-497.awsdns-62.com
809213,gmparquets,com.ar,gmparquets.com.ar,2024-11-14 20:31:36.087874-03,2025-11-19 13:42:49.71991-03,2025-11-19 13:42:49.761963-03,2026-11-14 00:00:00-03,123482,2014-06-22 00:00:00-03,2025-11-05 12:24:59.840002-03,ns14.wixdns.net
172537,drspelcman,com.ar,drspelcman.com.ar,2024-12-27 13:03:54.91422-03,2025-10-14 08:26:03.591827-03,2025-10-14 08:26:03.645031-03,2025-12-27 00:00:00-03,190,2013-08-20 00:00:00-03,2025-11-24 20:21:19.064942-03,ns1.donweb.com
693770,grimaldiasociados,com.ar,grimaldiasociados.com.ar,2016-04-15 00:00:00-03,2025-11-19 09:02:33.190259-03,2025-11-19 09:02:33.23317-03,2026-04-15 00:00:00-03,82639,2016-01-05 00:00:00-03,2025-04-11 12:16:55.344419-03,ns1.donweb.com
684341,banknorwegian,com.ar,banknorwegian.com.ar,2015-03-06 00:00:00-03,2025-11-08 14:04:39.242337-03,2025-11-08 14:04:39.299386-03,2026-02-06 00:00:00-03,8481,2013-08-19 00:00:00-03,2025-11-14 15:34:08.26691-03,ns4-01.azure-dns.info
1491506,radioberaka,com.ar,radioberaka.com.ar,2023-06-30 08:07:40.073848-03,2025-10-04 11:44:55.135467-03,2025-10-04 11:44:55.135503-03,2026-06-30 00:00:00-03,39588,2013-08-21 00:00:00-03,2025-11-23 10:54:07.158874-03,koa.ns.cloudflare.com
689153,citypack,com.ar,citypack.com.ar,2020-04-06 13:49:00.890361-03,2025-11-05 07:06:21.720236-03,2025-11-05 07:06:21.755256-03,2026-04-06 00:00:00-03,81188,2013-10-23 00:00:00-03,2025-05-08 05:22:23.248438-03,yaguar.avnam.net
1301315,fmciudadpringles,com.ar,fmciudadpringles.com.ar,2022-11-11 13:48:15.979366-03,2025-11-19 19:09:33.465078-03,2025-11-19 19:09:33.500367-03,2026-11-11 00:00:00-03,278393,2014-06-02 00:00:00-03,2025-10-27 08:55:55.623598-03,ns3.hostmar.com
545642,telediariodigital,com.ar,telediariodigital.com.ar,2024-10-16 11:31:20.22348-03,2025-11-22 20:26:26.875445-03,2025-11-04 14:28:41.56433-03,2025-10-16 00:00:00-03,190,2013-08-20 00:00:00-03,2025-11-24 20:21:19.064942-03,ns1.donweb.com
1256632,hc,ar,hc.ar,2024-03-14 18:52:18.699674-03,2025-11-18 09:47:47.740059-03,2025-11-18 09:47:47.799778-03,2026-03-14 00:00:00-03,303897,2024-02-09 12:20:13.013235-03,2025-11-20 16:17:58.940032-03,ar2.yogl.com
1491509,glitterexperience,ar,glitterexperience.ar,2023-06-30 20:50:14.331361-03,2025-10-04 11:46:00.506588-03,2025-10-04 11:46:00.506632-03,2026-06-30 00:00:00-03,190,2013-08-20 00:00:00-03,2025-11-24 20:21:19.064942-03,ns1.donweb.com
1191870,integroseguridad,com.ar,integroseguridad.com.ar,2021-07-13 09:50:36.599636-03,2025-11-19 14:48:26.103164-03,2025-11-19 14:48:26.135029-03,2026-07-13 00:00:00-03,190,2013-08-20 00:00:00-03,2025-11-24 20:21:19.064942-03,ns1.nuthost.com
582772,gerady,com.ar,gerady.com.ar,2018-11-14 14:34:01.09437-03,2025-11-19 21:15:10.604902-03,2025-11-19 21:15:10.643945-03,2026-11-14 00:00:00-03,30894,2018-11-14 14:34:00.896997-03,2025-10-31 15:10:45.134604-03,ns1.dns-parking.com
1190934,ngstoreofficial,com.ar,ngstoreofficial.com.ar,2025-08-27 20:50:26.505653-03,2025-11-20 22:36:50.043653-03,2025-11-20 22:36:50.116748-03,2026-08-27 00:00:00-03,190,2013-08-20 00:00:00-03,2025-11-24 20:21:19.064942-03,byte.dns-parking.com
937218,seteinsa,com.ar,seteinsa.com.ar,2013-05-06 00:00:00-03,2025-11-24 12:26:48.109002-03,2025-11-24 12:26:48.157166-03,2025-12-06 00:00:00-03,370065,2020-12-01 09:43:52.112782-03,2024-11-22 04:37:15.973873-03,ns12.mardelhosting.net
787650,brandit,com.ar,brandit.com.ar,2025-01-16 17:52:59.449862-03,2025-11-21 09:39:06.333011-03,2025-11-21 09:39:06.385603-03,2026-01-16 00:00:00-03,61789,2013-08-22 00:00:00-03,2025-10-01 14:00:49.44611-03,ns9.hostmar.com
1473491,omnichannel,com.ar,omnichannel.com.ar,2016-08-02 18:09:51.772735-03,2025-11-23 22:10:55.77175-03,2025-10-01 00:01:16.860904-03,2025-12-02 00:00:00-03,340496,2024-08-05 10:47:17.993229-03,2025-08-05 04:48:52.439157-03,pns2.cloudns.net
1006886,richsargentina,com.ar,richsargentina.com.ar,2020-07-06 19:40:20.899583-03,2025-11-19 13:40:41.3754-03,2025-11-19 13:40:41.414827-03,2026-07-06 00:00:00-03,4402,2013-09-12 00:00:00-03,2025-11-21 22:16:13.260101-03,dns1.cscdns.net
551677,codigos,com.ar,codigos.com.ar,2014-11-19 00:00:00-03,2025-11-23 12:50:33.356822-03,2025-11-23 12:50:33.388075-03,2026-11-19 00:00:00-03,14610,2013-09-03 00:00:00-03,2025-11-03 14:27:30.456115-03,ns3.hostmar.com
535901,amazonvideo,com.ar,amazonvideo.com.ar,2015-11-13 00:00:00-03,2025-11-01 11:37:59.233359-03,2025-11-01 11:37:59.268745-03,2026-10-13 00:00:00-03,719,2013-08-20 00:00:00-03,2025-11-24 10:37:07.398592-03,nsusa.comlaude.net
650939,psicopedagogia-app,com.ar,psicopedagogia-app.com.ar,2008-03-04 00:00:00-02,2025-11-01 12:15:52.889412-03,2025-11-01 12:15:52.934699-03,2026-03-04 00:00:00-03,64323,2014-02-26 00:00:00-03,2025-02-18 12:57:55.651839-03,ns1.allytech.com
937485,fogar,com.ar,fogar.com.ar,2016-06-13 00:00:00-03,2025-11-24 12:34:34.23791-03,2025-11-24 12:34:34.288091-03,2026-02-13 00:00:00-03,358975,2025-01-21 11:07:24.582547-03,2025-01-21 11:09:54.331953-03,ns21.dattatec.com
770592,ingenieriaysoftware,com.ar,ingenieriaysoftware.com.ar,2003-05-20 00:00:00-03,2025-10-17 18:55:08.223826-03,2025-10-17 18:55:08.264472-03,2026-06-19 00:00:00-03,112320,2014-02-18 00:00:00-03,2025-06-20 12:58:34.420535-03,ns21.dattatec.com
1491518,pospos,ar,pospos.ar,2023-06-30 19:30:21.567839-03,2025-10-04 11:49:46.172882-03,2025-10-04 11:49:46.172917-03,2026-06-30 00:00:00-03,190,2013-08-20 00:00:00-03,2025-11-24 20:21:19.064942-03,ns1.donweb.com
129514,licores,com.ar,licores.com.ar,2025-09-02 22:42:08.181142-03,2025-10-14 14:14:22.463495-03,2025-10-14 14:14:22.520047-03,2026-09-02 00:00:00-03,89505,2013-08-26 00:00:00-03,2025-09-22 21:47:38.307008-03,ns2.licores.com.ar
1473576,floridateniseventos,com.ar,floridateniseventos.com.ar,2024-11-21 07:18:10.282432-03,2025-11-23 21:04:03.720331-03,2025-11-23 21:04:03.749903-03,2026-11-21 00:00:00-03,334508,2024-10-27 16:57:37.393739-03,2025-11-03 18:46:26.315712-03,
183809,sucesionyventa,com.ar,sucesionyventa.com.ar,2025-06-14 16:14:31.294742-03,2025-10-14 14:53:00.679006-03,2025-10-14 14:53:00.726443-03,2026-06-14 00:00:00-03,167613,2024-02-14 20:05:52.502989-03,2025-06-14 16:14:28.779875-03,
1473580,casadecontencion,com.ar,casadecontencion.com.ar,2024-11-22 14:24:26.698493-03,2025-11-23 20:54:33.295042-03,2025-10-01 00:21:28.420201-03,2025-11-22 00:00:00-03,340520,2024-11-22 14:24:26.305573-03,2024-11-22 14:24:39.835997-03,ns1.mesi.com.ar
564494,iptelplay,com.ar,iptelplay.com.ar,2017-11-28 10:08:24.696104-03,2025-11-24 13:43:17.020655-03,2025-11-19 22:15:41.405314-03,2025-11-28 00:00:00-03,1230,2013-10-21 00:00:00-03,2025-10-06 09:44:21.301111-03,server2.powervt.com.ar
1316400,moodon,com.ar,moodon.com.ar,2023-02-27 23:39:35.940215-03,2025-04-23 09:40:33.905117-03,2025-04-23 09:40:33.943128-03,2026-02-27 00:00:00-03,283371,2019-08-01 20:58:42.66462-03,2025-09-20 21:16:31.997291-03,ns2-blues.netservicesargentina.com
841973,sexshop-de-bsas,com.ar,sexshop-de-bsas.com.ar,2014-08-20 00:00:00-03,2025-10-28 11:53:03.362355-03,2025-10-28 11:53:03.396243-03,2026-08-20 00:00:00-03,2086,2013-09-04 00:00:00-03,2025-10-17 17:51:28.132521-03,ns1.mimejorhosting.com
1491526,miguiaestrella,com.ar,miguiaestrella.com.ar,2023-07-01 18:35:00.01421-03,2025-10-04 11:53:32.051829-03,2025-10-04 11:53:32.051866-03,2026-07-01 00:00:00-03,285466,2023-04-01 23:29:58.580982-03,2025-06-21 02:12:15.885893-03,ns1.empretienda.net
1316402,onyxboox,com.ar,onyxboox.com.ar,2023-02-28 17:55:22.471538-03,2025-04-23 11:06:26.232351-03,2025-04-23 11:06:26.261582-03,2026-02-28 00:00:00-03,283151,2021-04-19 13:53:46.329019-03,2025-04-21 00:40:20.546481-03,
900676,lysol,com.ar,lysol.com.ar,2005-08-23 00:00:00-03,2025-11-19 18:49:23.49402-03,2025-11-19 18:49:23.542096-03,2026-08-23 00:00:00-03,12954,2014-02-05 00:00:00-03,2025-10-29 18:31:17.035292-03,ns4.markmonitor.com
861925,lucadamo,com.ar,lucadamo.com.ar,2002-09-04 00:00:00-03,2025-10-28 19:56:11.331765-03,2025-10-28 19:56:11.370409-03,2026-09-04 00:00:00-03,20985,2013-08-20 00:00:00-03,2025-08-20 19:53:26.380526-03,ns-cloud-e2.googledomains.com
539058,youssefian,com.ar,youssefian.com.ar,2006-10-25 00:00:00-03,2025-11-05 05:28:09.639429-03,2025-11-05 05:28:09.673664-03,2026-10-25 00:00:00-03,7168,2014-09-25 00:00:00-03,2025-10-02 14:12:10.707658-03,damon.ns.cloudflare.com
362702,ydo,com.ar,ydo.com.ar,2025-07-16 13:53:07.54736-03,2025-10-14 22:05:22.687159-03,2025-10-14 22:05:22.745434-03,2026-07-16 00:00:00-03,182258,2020-01-17 15:21:09.070888-03,2025-07-16 13:53:11.478741-03,ben1.netben.com.ar
563063,decristofaro,com.ar,decristofaro.com.ar,2009-11-26 00:00:00-03,2025-11-24 02:35:06.476976-03,2025-11-05 05:09:57.717946-03,2025-11-26 00:00:00-03,20450,2013-10-25 00:00:00-03,2024-11-11 11:37:57.085239-03,ns3.hostmar.com
1133880,usinaradio,com.ar,usinaradio.com.ar,2025-09-04 10:54:11.617923-03,2025-10-21 19:51:20.060693-03,2025-10-21 19:51:20.104661-03,2026-09-04 00:00:00-03,165075,2019-10-07 21:57:13.213524-03,2025-11-22 13:08:06.392999-03,ns1.tuhostingonline.com
564170,mayadevi,com.ar,mayadevi.com.ar,2018-11-20 10:04:06.796176-03,2025-11-23 13:31:56.007155-03,2025-11-23 13:31:56.038349-03,2026-11-20 00:00:00-03,190,2013-08-20 00:00:00-03,2025-11-24 20:21:19.064942-03,ns1.donweb.com
1491530,klippan,ar,klippan.ar,2023-06-30 10:30:24.772878-03,2025-10-04 11:55:10.056003-03,2025-10-04 11:55:10.056039-03,2026-06-30 00:00:00-03,719,2013-08-20 00:00:00-03,2025-11-24 10:37:07.398592-03,dns04.ports.net
1097050,plascasil,ar,plascasil.ar,2019-09-26 08:36:36.507541-03,2025-11-19 19:40:39.040879-03,2025-11-19 19:40:39.071116-03,2026-09-26 00:00:00-03,209740,2014-08-01 00:00:00-03,2025-09-02 14:08:27.597417-03,
511706,poli-boxaca,com.ar,poli-boxaca.com.ar,2024-07-25 20:01:06.023667-03,2025-10-14 04:03:55.103759-03,2025-10-14 04:03:55.158745-03,2026-07-25 00:00:00-03,104835,2014-06-05 00:00:00-03,2025-07-17 13:53:56.490182-03,ns2.bluehost.com
899128,elcable,com.ar,elcable.com.ar,2018-09-05 17:18:09.704832-03,2025-10-30 19:35:18.96095-03,2025-10-30 19:35:18.999238-03,2026-09-05 00:00:00-03,19096,2016-11-23 09:41:46.839733-03,2025-10-30 18:30:22.027631-03,ns1.dns-parking.com
900030,fundacion-barcelo,com.ar,fundacion-barcelo.com.ar,2019-10-02 17:37:33.631408-03,2025-11-19 20:34:49.264821-03,2025-11-19 20:34:49.31657-03,2026-01-02 00:00:00-03,283665,2022-08-17 12:28:08.155391-03,2025-11-21 12:19:30.208834-03,ns1.parkingcrew.net
688554,estudiosi,com.ar,estudiosi.com.ar,2016-03-04 00:00:00-03,2025-11-01 16:20:01.050481-03,2025-11-01 16:20:01.087497-03,2026-03-04 00:00:00-03,80942,2016-03-02 00:00:00-03,2025-03-25 11:15:52.22525-03,ns2.wiroos.com
1491535,enphase,ar,enphase.ar,2023-07-03 05:55:46.598277-03,2025-10-04 11:55:55.716749-03,2025-10-04 11:55:55.716785-03,2026-07-03 00:00:00-03,581,2014-04-25 00:00:00-03,2025-11-20 04:59:05.353762-03,ns3.eurodns.com
1475067,imperiometal,com.ar,imperiometal.com.ar,2024-12-23 22:11:45.881038-03,2025-10-01 06:22:29.249736-03,2025-10-01 06:22:29.249771-03,2025-12-23 00:00:00-03,52462,2013-09-03 00:00:00-03,2025-11-19 17:17:05.976013-03,ns1.donweb.com
527178,nous,com.ar,nous.com.ar,2025-07-21 20:09:26.122977-03,2025-10-13 23:38:01.364738-03,2025-10-13 23:38:01.420403-03,2026-07-21 00:00:00-03,190,2013-08-20 00:00:00-03,2025-11-24 20:21:19.064942-03,ns1.donweb.com
1161168,piccolapastas,com.ar,piccolapastas.com.ar,2021-04-10 15:54:09.67266-03,2025-11-13 09:17:13.222196-03,2025-11-13 09:17:13.259652-03,2026-05-10 00:00:00-03,268210,2022-04-11 15:08:16.570547-03,2025-06-12 14:49:58.845063-03,ns3.hostmar.com
925385,wineglass,com.ar,wineglass.com.ar,2018-10-03 19:22:00.955955-03,2025-10-30 19:57:22.27917-03,2025-10-30 19:57:22.3158-03,2026-10-03 00:00:00-03,154391,2014-06-23 00:00:00-03,2025-10-06 12:32:42.465231-03,dns2.allytech.com.ar
1268094,devco,ar,devco.ar,2022-06-06 19:31:57.143324-03,2025-11-20 18:58:24.854905-03,2025-11-20 18:58:24.896365-03,2026-06-06 00:00:00-03,164287,2018-11-09 11:47:55.636733-03,2025-10-13 01:05:49.768203-03,hermes.dns-parking.com
562153,devaluacion,com.ar,devaluacion.com.ar,2010-11-30 00:00:00-03,2025-11-02 09:12:07.568558-03,2025-11-02 09:12:07.602195-03,2026-10-30 00:00:00-03,8934,2014-02-12 00:00:00-03,2025-10-16 12:29:13.02092-03,ns1.aper.net
935618,garay,com.ar,garay.com.ar,2025-02-16 17:24:40.118576-03,2025-10-31 20:58:43.735839-03,2025-10-31 20:58:43.776112-03,2026-02-16 00:00:00-03,52645,2014-02-03 00:00:00-03,2025-11-21 22:58:06.554838-03,ns1.sitio.com.ar
657592,metalurgicafrh,com.ar,metalurgicafrh.com.ar,2002-01-11 00:00:00-03,2025-11-01 09:43:03.362128-03,2025-11-01 09:43:03.412933-03,2026-03-11 00:00:00-03,67286,2014-01-31 00:00:00-03,2025-03-06 10:59:31.074781-03,ns3.site4now.net
1257504,cmfsoluciones,com.ar,cmfsoluciones.com.ar,2022-02-04 16:41:52.060776-03,2025-11-18 08:32:10.791142-03,2025-11-18 08:32:10.826584-03,2026-02-04 00:00:00-03,263371,2022-02-04 16:41:51.453195-03,2025-02-05 07:00:11.40777-03,ns1.donweb.com
1491549,tallerdelatas,com.ar,tallerdelatas.com.ar,2023-07-03 13:57:57.746451-03,2025-10-04 12:04:18.581637-03,2025-10-04 12:04:18.581671-03,2026-07-03 00:00:00-03,190,2013-08-20 00:00:00-03,2025-11-24 20:21:19.064942-03,ns1.donweb.com
947252,escribaniacababie,com.ar,escribaniacababie.com.ar,2020-10-19 13:54:08.661144-03,2025-11-03 12:26:37.534697-03,2025-11-03 12:26:37.570129-03,2026-10-19 00:00:00-03,163475,2020-07-23 17:34:25.514793-03,2025-10-03 10:48:25.835875-03,ns1.donweb.com
576430,cylconfort,com.ar,cylconfort.com.ar,2010-10-07 00:00:00-03,2025-11-23 06:35:16.76332-03,2025-11-03 13:53:39.375917-03,2025-11-06 00:00:00-03,27572,2014-11-04 00:00:00-03,2024-12-13 17:31:12.016651-03,ns1.empretienda.net
1212961,aktiv,ar,aktiv.ar,2021-09-02 15:28:50.40217-03,2025-10-29 21:22:02.3746-03,2025-10-29 21:22:02.401136-03,2026-09-02 00:00:00-03,73501,2013-08-23 00:00:00-03,2025-10-28 13:57:56.3997-03,
710866,estudiomamba,com.ar,estudiomamba.com.ar,2025-08-18 09:02:44.685155-03,2025-10-14 22:29:12.0909-03,2025-10-14 22:29:12.137153-03,2026-08-18 00:00:00-03,345268,2025-08-18 09:02:44.200727-03,2025-08-19 11:01:30.844714-03,
1034324,gshock,ar,gshock.ar,2020-09-16 09:31:47.31806-03,2025-11-01 09:43:56.331469-03,2025-11-01 09:43:56.374115-03,2026-09-16 00:00:00-03,148265,2014-01-29 00:00:00-03,2025-10-30 14:56:58.557645-03,lucy.ns.cloudflare.com
584106,instalelectric,com.ar,instalelectric.com.ar,2002-05-06 00:00:00-03,2025-11-23 14:01:26.893593-03,2025-11-05 07:00:44.680741-03,2025-11-16 00:00:00-03,31584,2017-10-26 12:45:03.125241-03,2024-12-18 10:01:36.356986-03,ns21.dattatec.com
650090,materias,com.ar,materias.com.ar,2016-02-19 00:00:00-03,2025-11-01 12:16:07.304122-03,2025-11-01 12:16:07.339522-03,2026-02-19 00:00:00-03,8934,2014-02-12 00:00:00-03,2025-10-16 12:29:13.02092-03,
1491557,digitalto,com.ar,digitalto.com.ar,2023-07-03 21:18:23.455248-03,2025-10-04 12:07:30.777471-03,2025-10-04 12:07:30.777506-03,2026-07-03 00:00:00-03,190,2013-08-20 00:00:00-03,2025-11-24 20:21:19.064942-03,ns9.hostmar.com
782012,shoppday,com.ar,shoppday.com.ar,2017-07-13 14:28:14.956754-03,2025-11-19 15:50:41.82513-03,2025-11-19 15:50:41.886674-03,2026-08-13 00:00:00-03,369195,2024-08-01 18:47:00.846531-03,2025-07-29 17:31:14.83777-03,ns-1702.awsdns-20.co.uk
978244,metabind,ar,metabind.ar,2020-05-13 12:43:55.499362-03,2025-11-19 12:05:30.870315-03,2025-11-19 12:05:30.901257-03,2026-05-13 00:00:00-03,571,2014-11-03 00:00:00-03,2025-11-24 19:49:07.769737-03,ns2.101domain.com
1286573,jfseguros,com.ar,jfseguros.com.ar,2022-08-25 14:02:22.328415-03,2025-11-19 13:27:17.951879-03,2025-11-19 13:27:17.992071-03,2026-08-25 00:00:00-03,190,2013-08-20 00:00:00-03,2025-11-24 20:21:19.064942-03,ns3.hostmar.com
1081624,supermercadosdado,com.ar,supermercadosdado.com.ar,2002-02-28 00:00:00-03,2025-11-24 13:38:35.109353-03,2025-11-19 22:37:55.024708-03,2025-11-28 00:00:00-03,204614,2019-11-08 14:21:22.770956-03,2024-11-14 04:38:42.701138-03,ns1.dns-parking.com
631508,sellosalcalde,com.ar,sellosalcalde.com.ar,2001-01-16 00:00:00-03,2025-11-23 07:45:01.194021-03,2025-11-23 07:45:01.243077-03,2026-11-15 00:00:00-03,342834,2024-03-01 23:36:20.334636-03,2025-11-11 12:11:24.226154-03,ns2.pageimpac.net
629171,ignitec,com.ar,ignitec.com.ar,2006-02-26 00:00:00-03,2025-11-01 09:44:26.630685-03,2025-11-01 09:44:26.692689-03,2026-06-26 00:00:00-03,361339,2024-06-13 16:13:09.107053-03,2025-06-03 10:41:49.99936-03,ns3.hostmar.com
636130,lalumiere,com.ar,lalumiere.com.ar,2024-11-26 16:56:36.335363-03,2025-11-24 01:14:09.100632-03,2025-11-24 01:14:09.143017-03,2025-11-26 00:00:00-03,361244,2024-11-26 16:56:35.950263-03,2024-11-26 16:56:39.933016-03,ns-665.awsdns-19.net
520135,cion,com.ar,cion.com.ar,2025-07-14 14:03:53.00037-03,2025-10-14 14:42:58.99516-03,2025-10-14 14:42:59.056707-03,2026-07-14 00:00:00-03,354090,2020-02-17 10:53:52.759965-03,2025-07-14 14:04:15.498309-03,ns3.aliasdns.net
980857,personalweb,ar,personalweb.ar,2019-10-27 23:14:24.453619-03,2025-10-31 21:36:39.728555-03,2025-10-31 21:36:39.75263-03,2026-10-27 00:00:00-03,93,2013-08-20 00:00:00-03,2025-11-20 12:15:19.228801-03,
660429,tuinmueble,com.ar,tuinmueble.com.ar,2014-11-27 00:00:00-03,2025-11-24 02:29:43.241157-03,2025-11-05 06:16:31.144323-03,2025-11-27 00:00:00-03,5019,2013-10-18 00:00:00-03,2025-11-14 01:11:34.478343-03,ns4.markmonitor.com
702320,2veinte,com.ar,2veinte.com.ar,2006-04-07 00:00:00-03,2025-11-19 12:03:28.114863-03,2025-11-19 12:03:28.151863-03,2026-05-07 00:00:00-03,86469,2013-12-02 00:00:00-03,2025-05-08 18:19:12.867136-03,ns1.lineadns.com
1491565,petitvalleycalamuchita,com.ar,petitvalleycalamuchita.com.ar,2023-07-04 17:48:52.590308-03,2025-10-04 12:10:20.918501-03,2025-10-04 12:10:20.918536-03,2026-07-04 00:00:00-03,346732,2023-07-04 17:48:52.255502-03,2025-08-01 23:11:32.253971-03,ns3.hostmar.com
1491566,sabseggroup,com.ar,sabseggroup.com.ar,2023-07-04 09:55:44.026552-03,2025-10-04 12:10:21.958323-03,2025-10-04 12:10:21.958344-03,2026-07-04 00:00:00-03,719,2013-08-20 00:00:00-03,2025-11-24 10:37:07.398592-03,dns10.servidoresdns.net
710081,denimblue,com.ar,denimblue.com.ar,2015-03-25 00:00:00-03,2025-10-11 16:35:22.524059-03,2025-10-11 16:35:22.561866-03,2026-03-25 00:00:00-03,90031,2015-03-25 00:00:00-03,2024-03-13 17:26:44.553181-03,ns21.dattatec.com
1004200,osvaldini,com.ar,osvaldini.com.ar,2019-09-06 16:47:49.435849-03,2025-10-31 12:12:01.975292-03,2025-10-31 12:12:02.024796-03,2026-09-06 00:00:00-03,179012,2019-09-06 16:47:49.235291-03,2025-08-23 23:21:53.254447-03,ns3.mysecurecloudhost.com
1491570,mendezymolinari,com.ar,mendezymolinari.com.ar,2023-07-04 08:07:56.828083-03,2025-10-04 12:11:25.51123-03,2025-10-04 12:11:25.511258-03,2026-07-04 00:00:00-03,190,2013-08-20 00:00:00-03,2025-11-24 20:21:19.064942-03,ns1.donweb.com
1007002,rodoaguiar,com.ar,rodoaguiar.com.ar,2020-09-09 12:48:13.090837-03,2025-10-30 04:25:30.125398-03,2025-10-30 04:25:30.158769-03,2026-09-09 00:00:00-03,190,2013-08-20 00:00:00-03,2025-11-24 20:21:19.064942-03,ns1.donweb.com
725208,cmm,com.ar,cmm.com.ar,1999-04-26 00:00:00-03,2025-10-12 12:03:51.332077-03,2025-10-12 12:03:51.369626-03,2026-05-26 00:00:00-03,96145,2014-04-23 00:00:00-03,2025-09-24 12:44:16.646565-03,ns1.mesi.com.ar
1491573,argenmetsrl,com.ar,argenmetsrl.com.ar,2023-07-05 17:13:28.465856-03,2025-10-04 12:12:02.823315-03,2025-10-04 12:12:02.823352-03,2026-07-05 00:00:00-03,346735,2016-09-16 11:32:47.131888-03,2025-08-04 13:31:15.584889-03,
